Date,Rain (mm)
01-01-2015,0.86
02-01-2015,0.95
03-01-2015,0.58
04-01-2015,0.05
05-01-2015,0
06-01-2015,0
07-01-2015,0
08-01-2015,0
09-01-2015,0
10-01-2015,0
11-01-2015,0
12-01-2015,0
13-01-2015,0
14-01-2015,0
15-01-2015,0
16-01-2015,0
17-01-2015,0
18-01-2015,0
19-01-2015,0
20-01-2015,0
21-01-2015,0.06
22-01-2015,0
23-01-2015,0
24-01-2015,0
25-01-2015,0
26-01-2015,0
27-01-2015,0
28-01-2015,0
29-01-2015,0
30-01-2015,0
31-01-2015,0
01-02-2015,0
02-02-2015,0
03-02-2015,0
04-02-2015,0
05-02-2015,0
06-02-2015,0
07-02-2015,0
08-02-2015,0
09-02-2015,0
10-02-2015,0
11-02-2015,0
12-02-2015,0
13-02-2015,0
14-02-2015,0
15-02-2015,0
16-02-2015,0
17-02-2015,0
18-02-2015,0
19-02-2015,0.01
20-02-2015,0.11
21-02-2015,0
22-02-2015,0
23-02-2015,0
24-02-2015,0
25-02-2015,0
26-02-2015,0
27-02-2015,0
28-02-2015,0
01-03-2015,3.31
02-03-2015,1.15
03-03-2015,0.78
04-03-2015,1.23
05-03-2015,0.59
06-03-2015,0.47
07-03-2015,3.14
08-03-2015,1.26
09-03-2015,7.31
10-03-2015,3.89
11-03-2015,0.27
12-03-2015,0
13-03-2015,0
14-03-2015,0
15-03-2015,0.34
16-03-2015,1.08
17-03-2015,0.32
18-03-2015,0.02
19-03-2015,0.03
20-03-2015,0
21-03-2015,0
22-03-2015,0
23-03-2015,0
24-03-2015,0.05
25-03-2015,0.03
26-03-2015,0.04
27-03-2015,0.09
28-03-2015,0
29-03-2015,0.08
30-03-2015,0.03
31-03-2015,0.94
01-04-2015,2.1
02-04-2015,1.24
03-04-2015,0.22
04-04-2015,0.41
05-04-2015,0
06-04-2015,0.29
07-04-2015,0.64
08-04-2015,0.37
09-04-2015,1.26
10-04-2015,1.01
11-04-2015,5.03
12-04-2015,6.82
13-04-2015,10.14
14-04-2015,4.85
15-04-2015,2.17
16-04-2015,1.96
17-04-2015,2.76
18-04-2015,1.11
19-04-2015,0.11
20-04-2015,0.26
21-04-2015,0.09
22-04-2015,3.2
23-04-2015,2.01
24-04-2015,9.53
25-04-2015,2.48
26-04-2015,2.88
27-04-2015,1.8
28-04-2015,0.41
29-04-2015,1.5
30-04-2015,3.02
01-05-2015,1.31
02-05-2015,0.63
03-05-2015,4.31
04-05-2015,0.46
05-05-2015,4.21
06-05-2015,2.57
07-05-2015,2.73
08-05-2015,2.81
09-05-2015,0.59
10-05-2015,1.69
11-05-2015,1.05
12-05-2015,3.15
13-05-2015,6.94
14-05-2015,5.83
15-05-2015,2.14
16-05-2015,8.14
17-05-2015,8.66
18-05-2015,6.14
19-05-2015,4.17
20-05-2015,2.96
21-05-2015,0.16
22-05-2015,0.33
23-05-2015,0.03
24-05-2015,0.13
25-05-2015,0.16
26-05-2015,0.03
27-05-2015,0.01
28-05-2015,6.14
29-05-2015,0.16
30-05-2015,14.85
31-05-2015,0.31
01-06-2015,12.81
02-06-2015,2.21
03-06-2015,4.34
04-06-2015,2.21
05-06-2015,8.32
06-06-2015,1.93
07-06-2015,1.86
08-06-2015,2.32
09-06-2015,3.15
10-06-2015,5.87
11-06-2015,1.04
12-06-2015,5.49
13-06-2015,4.18
14-06-2015,6.4
15-06-2015,4.36
16-06-2015,3.74
17-06-2015,2.62
18-06-2015,5.23
19-06-2015,5.9
20-06-2015,13.59
21-06-2015,16.12
22-06-2015,20.45
23-06-2015,11.08
24-06-2015,12.79
25-06-2015,11.49
26-06-2015,12.02
27-06-2015,4.08
28-06-2015,2.5
29-06-2015,1.17
30-06-2015,3.7
01-07-2015,1.84
02-07-2015,3.2
03-07-2015,1.81
04-07-2015,1.43
05-07-2015,0.61
06-07-2015,0.29
07-07-2015,0.36
08-07-2015,2.63
09-07-2015,5.1
10-07-2015,8.79
11-07-2015,3.68
12-07-2015,3.69
13-07-2015,2.13
14-07-2015,1.29
15-07-2015,9.14
16-07-2015,3.34
17-07-2015,4
18-07-2015,8.98
19-07-2015,8.44
20-07-2015,18.42
21-07-2015,4.1
22-07-2015,2.61
23-07-2015,4
24-07-2015,4.08
25-07-2015,2.03
26-07-2015,3.23
27-07-2015,3.94
28-07-2015,2.31
29-07-2015,1.02
30-07-2015,0.82
31-07-2015,2.87
01-08-2015,5.41
02-08-2015,5.22
03-08-2015,2.05
04-08-2015,3.79
05-08-2015,5.04
06-08-2015,6.97
07-08-2015,5.61
08-08-2015,7.14
09-08-2015,4.16
10-08-2015,4.15
11-08-2015,4.78
12-08-2015,6.09
13-08-2015,6.05
14-08-2015,3.51
15-08-2015,2.33
16-08-2015,4.68
17-08-2015,5.89
18-08-2015,4.25
19-08-2015,6.24
20-08-2015,5.44
21-08-2015,7.48
22-08-2015,8.34
23-08-2015,6.62
24-08-2015,1.95
25-08-2015,1.46
26-08-2015,0.91
27-08-2015,8.61
28-08-2015,4.38
29-08-2015,1.73
30-08-2015,2.15
31-08-2015,1.34
01-09-2015,0.19
02-09-2015,0.13
03-09-2015,0.23
04-09-2015,1.34
05-09-2015,10.66
06-09-2015,7.58
07-09-2015,23.8
08-09-2015,13.66
09-09-2015,9.23
10-09-2015,9.34
11-09-2015,10.64
12-09-2015,3.66
13-09-2015,0.69
14-09-2015,5.74
15-09-2015,12.17
16-09-2015,10.12
17-09-2015,4.06
18-09-2015,3.69
19-09-2015,2.24
20-09-2015,1.52
21-09-2015,1.81
22-09-2015,0.11
23-09-2015,0.34
24-09-2015,0.72
25-09-2015,11.05
26-09-2015,9.59
27-09-2015,1.98
28-09-2015,10.6
29-09-2015,1.65
30-09-2015,3.13
01-10-2015,6.33
02-10-2015,8.72
03-10-2015,5.2
04-10-2015,5.36
05-10-2015,24.22
06-10-2015,11.48
07-10-2015,5.97
08-10-2015,5.43
09-10-2015,1.21
10-10-2015,1.52
11-10-2015,2.42
12-10-2015,7.21
13-10-2015,0.74
14-10-2015,0.24
15-10-2015,0.05
16-10-2015,0.02
17-10-2015,0.06
18-10-2015,0.22
19-10-2015,0.34
20-10-2015,0.16
21-10-2015,0.15
22-10-2015,0.12
23-10-2015,0
24-10-2015,0
25-10-2015,0
26-10-2015,0.01
27-10-2015,0.08
28-10-2015,0.39
29-10-2015,3.34
30-10-2015,3.7
31-10-2015,1.48
01-11-2015,0.83
02-11-2015,10.93
03-11-2015,10.09
04-11-2015,7.85
05-11-2015,7.98
06-11-2015,0.37
07-11-2015,0.05
08-11-2015,0.16
09-11-2015,0.2
10-11-2015,11.4
11-11-2015,4.84
12-11-2015,1.79
13-11-2015,3.7
14-11-2015,0.15
15-11-2015,0.16
16-11-2015,2.61
17-11-2015,2.82
18-11-2015,0.75
19-11-2015,1.85
20-11-2015,1.83
21-11-2015,4.81
22-11-2015,2.32
23-11-2015,3.73
24-11-2015,4.18
25-11-2015,0.61
26-11-2015,0
27-11-2015,0
28-11-2015,0.01
29-11-2015,0
30-11-2015,1.77
01-12-2015,1.76
02-12-2015,0.68
03-12-2015,1.4
04-12-2015,0.05
05-12-2015,0
06-12-2015,0.07
07-12-2015,0.01
08-12-2015,0.02
09-12-2015,0.07
10-12-2015,0.03
11-12-2015,0.02
12-12-2015,0.01
13-12-2015,0.04
14-12-2015,0.5
15-12-2015,0.12
16-12-2015,0.17
17-12-2015,0
18-12-2015,0
19-12-2015,0
20-12-2015,0.01
21-12-2015,0
22-12-2015,0
23-12-2015,0
24-12-2015,0
25-12-2015,0
26-12-2015,0
27-12-2015,0
28-12-2015,0
29-12-2015,0
30-12-2015,0
31-12-2015,0
01-01-2016,0
02-01-2016,0
03-01-2016,0
04-01-2016,0
05-01-2016,0
06-01-2016,0
07-01-2016,0
08-01-2016,0
09-01-2016,0
10-01-2016,0
11-01-2016,0
12-01-2016,0
13-01-2016,0
14-01-2016,0
15-01-2016,0
16-01-2016,0
17-01-2016,0
18-01-2016,0
19-01-2016,0.16
20-01-2016,0.92
21-01-2016,0.35
22-01-2016,0.14
23-01-2016,0
24-01-2016,0
25-01-2016,0
26-01-2016,0.1
27-01-2016,0
28-01-2016,0
29-01-2016,0
30-01-2016,0
31-01-2016,0
01-02-2016,0
02-02-2016,0
03-02-2016,0
04-02-2016,0
05-02-2016,0
06-02-2016,0
07-02-2016,0
08-02-2016,0
09-02-2016,0
10-02-2016,0
11-02-2016,0.07
12-02-2016,0.04
13-02-2016,0
14-02-2016,0
15-02-2016,0
16-02-2016,0
17-02-2016,0
18-02-2016,0
19-02-2016,0
20-02-2016,0
21-02-2016,0
22-02-2016,0
23-02-2016,0
24-02-2016,0
25-02-2016,0.1
26-02-2016,0.02
27-02-2016,0.02
28-02-2016,0.04
29-02-2016,0.15
01-03-2016,0
02-03-2016,0.18
03-03-2016,1.12
04-03-2016,0
05-03-2016,0.27
06-03-2016,0
07-03-2016,0.03
08-03-2016,0.02
09-03-2016,0.09
10-03-2016,0.01
11-03-2016,0
12-03-2016,0
13-03-2016,0.14
14-03-2016,0.27
15-03-2016,0.03
16-03-2016,0.5
17-03-2016,0.03
18-03-2016,0.07
19-03-2016,0.1
20-03-2016,0.01
21-03-2016,0
22-03-2016,0
23-03-2016,0.01
24-03-2016,0
25-03-2016,0.08
26-03-2016,0
27-03-2016,0
28-03-2016,0.04
29-03-2016,0.24
30-03-2016,0.35
31-03-2016,0.31
01-04-2016,0.38
02-04-2016,0.17
03-04-2016,0.11
04-04-2016,0.26
05-04-2016,0.16
06-04-2016,1.31
07-04-2016,0.65
08-04-2016,0.18
09-04-2016,0.07
10-04-2016,1.42
11-04-2016,0.61
12-04-2016,0.01
13-04-2016,0.22
14-04-2016,0.01
15-04-2016,0.15
16-04-2016,1
17-04-2016,0.43
18-04-2016,0.23
19-04-2016,0.03
20-04-2016,0
21-04-2016,0.04
22-04-2016,0.02
23-04-2016,0.18
24-04-2016,0
25-04-2016,0
26-04-2016,0.69
27-04-2016,0.04
28-04-2016,0.27
29-04-2016,0.35
30-04-2016,0.95
01-05-2016,0.5
02-05-2016,0.31
03-05-2016,0.54
04-05-2016,1.62
05-05-2016,1.36
06-05-2016,3.56
07-05-2016,3.9
08-05-2016,2.39
09-05-2016,2.1
10-05-2016,1.11
11-05-2016,3.53
12-05-2016,2.38
13-05-2016,4.8
14-05-2016,2.31
15-05-2016,5.08
16-05-2016,1.59
17-05-2016,2.32
18-05-2016,4.49
19-05-2016,7.32
20-05-2016,11.1
21-05-2016,0.73
22-05-2016,0.01
23-05-2016,0.02
24-05-2016,0.02
25-05-2016,0.56
26-05-2016,0.36
27-05-2016,0.24
28-05-2016,1.23
29-05-2016,9.44
30-05-2016,1.3
31-05-2016,3.21
01-06-2016,2.72
02-06-2016,6.4
03-06-2016,2.78
04-06-2016,13.68
05-06-2016,2.58
06-06-2016,5.05
07-06-2016,4.79
08-06-2016,6.62
09-06-2016,13.53
10-06-2016,11.74
11-06-2016,4.7
12-06-2016,2.88
13-06-2016,3.92
14-06-2016,3.35
15-06-2016,1.51
16-06-2016,1.92
17-06-2016,1.44
18-06-2016,4.05
19-06-2016,13.36
20-06-2016,7.74
21-06-2016,5.89
22-06-2016,9.38
23-06-2016,7.55
24-06-2016,3.75
25-06-2016,4.18
26-06-2016,3.43
27-06-2016,7.66
28-06-2016,12.5
29-06-2016,21.98
30-06-2016,14.25
01-07-2016,6.75
02-07-2016,8.1
03-07-2016,8.11
04-07-2016,9.46
05-07-2016,14.75
06-07-2016,4.84
07-07-2016,8.2
08-07-2016,2.16
09-07-2016,3.31
10-07-2016,7.86
11-07-2016,8.66
12-07-2016,8.44
13-07-2016,4.81
14-07-2016,3.12
15-07-2016,1.56
16-07-2016,4.94
17-07-2016,2.83
18-07-2016,3.78
19-07-2016,4.34
20-07-2016,5.24
21-07-2016,14.19
22-07-2016,8.42
23-07-2016,5.52
24-07-2016,6.88
25-07-2016,6.6
26-07-2016,6.38
27-07-2016,8.96
28-07-2016,9.01
29-07-2016,19.52
30-07-2016,5.08
31-07-2016,12.62
01-08-2016,3.4
02-08-2016,5.27
03-08-2016,3.1
04-08-2016,6.54
05-08-2016,8.88
06-08-2016,6.39
07-08-2016,5.09
08-08-2016,3.7
09-08-2016,2.93
10-08-2016,2.21
11-08-2016,1.89
12-08-2016,2.82
13-08-2016,4.5
14-08-2016,2.83
15-08-2016,1.91
16-08-2016,2.91
17-08-2016,2.49
18-08-2016,2.52
19-08-2016,2.18
20-08-2016,1.02
21-08-2016,0.43
22-08-2016,2.77
23-08-2016,2.12
24-08-2016,6.07
25-08-2016,1.85
26-08-2016,2.01
27-08-2016,1.5
28-08-2016,2.44
29-08-2016,1.75
30-08-2016,3.3
31-08-2016,11.54
01-09-2016,5.07
02-09-2016,1.45
03-09-2016,1.97
04-09-2016,1.27
05-09-2016,0.46
06-09-2016,0.53
07-09-2016,1.32
08-09-2016,0.47
09-09-2016,0.43
10-09-2016,0.44
11-09-2016,1.94
12-09-2016,1.5
13-09-2016,1.88
14-09-2016,9.45
15-09-2016,16.01
16-09-2016,9.43
17-09-2016,3.47
18-09-2016,1.52
19-09-2016,1.24
20-09-2016,1.39
21-09-2016,4.45
22-09-2016,6.36
23-09-2016,11.01
24-09-2016,6.81
25-09-2016,7.13
26-09-2016,6.42
27-09-2016,3.18
28-09-2016,2.91
29-09-2016,3.24
30-09-2016,1.98
01-10-2016,4.81
02-10-2016,0.79
03-10-2016,0.21
04-10-2016,0.64
05-10-2016,0.29
06-10-2016,0.1
07-10-2016,0.03
08-10-2016,0.22
09-10-2016,2.14
10-10-2016,2.87
11-10-2016,3.08
12-10-2016,5.35
13-10-2016,4.51
14-10-2016,1.59
15-10-2016,0.86
16-10-2016,0
17-10-2016,0
18-10-2016,0
19-10-2016,0.03
20-10-2016,0
21-10-2016,0.03
22-10-2016,0
23-10-2016,0
24-10-2016,0.01
25-10-2016,0
26-10-2016,0
27-10-2016,0
28-10-2016,0
29-10-2016,0
30-10-2016,0.02
31-10-2016,0.75
01-11-2016,1.46
02-11-2016,1.37
03-11-2016,0.16
04-11-2016,0.09
05-11-2016,0
06-11-2016,0
07-11-2016,0
08-11-2016,0
09-11-2016,0
10-11-2016,0
11-11-2016,0
12-11-2016,0
13-11-2016,0
14-11-2016,0.1
15-11-2016,2.11
16-11-2016,1.66
17-11-2016,0.02
18-11-2016,0.09
19-11-2016,0
20-11-2016,0
21-11-2016,0
22-11-2016,0
23-11-2016,0
24-11-2016,0
25-11-2016,0
26-11-2016,0
27-11-2016,0
28-11-2016,0
29-11-2016,0
30-11-2016,0
01-12-2016,0
02-12-2016,0.66
03-12-2016,2.12
04-12-2016,1.04
05-12-2016,0.4
06-12-2016,0.15
07-12-2016,0
08-12-2016,0
09-12-2016,0
10-12-2016,0
11-12-2016,0.01
12-12-2016,0
13-12-2016,9.34
14-12-2016,3.72
15-12-2016,1.1
16-12-2016,0.12
17-12-2016,0.04
18-12-2016,0
19-12-2016,0
20-12-2016,0
21-12-2016,0.01
22-12-2016,0
23-12-2016,0
24-12-2016,0
25-12-2016,0
26-12-2016,0
27-12-2016,0
28-12-2016,0
29-12-2016,0
30-12-2016,0
31-12-2016,0
01-01-2017,0
02-01-2017,0
03-01-2017,0
04-01-2017,0
05-01-2017,0
06-01-2017,0
07-01-2017,0
08-01-2017,0
09-01-2017,0
10-01-2017,0
11-01-2017,0
12-01-2017,0
13-01-2017,0
14-01-2017,0
15-01-2017,0
16-01-2017,0
17-01-2017,0
18-01-2017,0
19-01-2017,0
20-01-2017,0
21-01-2017,0
22-01-2017,0.01
23-01-2017,0
24-01-2017,0
25-01-2017,0
26-01-2017,0
27-01-2017,0.64
28-01-2017,2.01
29-01-2017,0.28
30-01-2017,0
31-01-2017,0
01-02-2017,0
02-02-2017,0
03-02-2017,0
04-02-2017,0
05-02-2017,0
06-02-2017,0
07-02-2017,0
08-02-2017,0
09-02-2017,0
10-02-2017,0
11-02-2017,0
12-02-2017,0
13-02-2017,0
14-02-2017,0
15-02-2017,0
16-02-2017,0
17-02-2017,0
18-02-2017,0
19-02-2017,0
20-02-2017,0
21-02-2017,0
22-02-2017,0
23-02-2017,0
24-02-2017,0
25-02-2017,0
26-02-2017,0
27-02-2017,0
28-02-2017,0
01-03-2017,0
02-03-2017,0
03-03-2017,0
04-03-2017,0
05-03-2017,0.01
06-03-2017,0.44
07-03-2017,1
08-03-2017,1.6
09-03-2017,0
10-03-2017,0.02
11-03-2017,0.01
12-03-2017,0
13-03-2017,0
14-03-2017,0.19
15-03-2017,0.73
16-03-2017,4.24
17-03-2017,0.3
18-03-2017,0.42
19-03-2017,0
20-03-2017,0
21-03-2017,0.26
22-03-2017,0.65
23-03-2017,0.01
24-03-2017,0
25-03-2017,0
26-03-2017,0
27-03-2017,0
28-03-2017,0
29-03-2017,0.17
30-03-2017,0
31-03-2017,0
01-04-2017,0
02-04-2017,0.56
03-04-2017,0.35
04-04-2017,0.19
05-04-2017,0.67
06-04-2017,0.67
07-04-2017,2
08-04-2017,0.44
09-04-2017,0.54
10-04-2017,0.79
11-04-2017,0.96
12-04-2017,0.89
13-04-2017,0.01
14-04-2017,0.05
15-04-2017,0.15
16-04-2017,0.06
17-04-2017,0.9
18-04-2017,1.07
19-04-2017,0.37
20-04-2017,0.22
21-04-2017,1.08
22-04-2017,0.99
23-04-2017,0.06
24-04-2017,0
25-04-2017,0.01
26-04-2017,0.63
27-04-2017,0.05
28-04-2017,1.34
29-04-2017,2.97
30-04-2017,2.63
01-05-2017,1.13
02-05-2017,1.61
03-05-2017,1.53
04-05-2017,1.47
05-05-2017,0.41
06-05-2017,0.71
07-05-2017,5.3
08-05-2017,6.11
09-05-2017,0.36
10-05-2017,2.3
11-05-2017,2.19
12-05-2017,2.4
13-05-2017,1.25
14-05-2017,1.34
15-05-2017,11.1
16-05-2017,0.34
17-05-2017,0.77
18-05-2017,0.82
19-05-2017,6.89
20-05-2017,0.74
21-05-2017,2.65
22-05-2017,0.22
23-05-2017,1.92
24-05-2017,5.85
25-05-2017,1.83
26-05-2017,0.51
27-05-2017,7.54
28-05-2017,1.2
29-05-2017,0.59
30-05-2017,1.06
31-05-2017,2.83
01-06-2017,2.99
02-06-2017,1.27
03-06-2017,2.42
04-06-2017,1.73
05-06-2017,1.35
06-06-2017,3.91
07-06-2017,14.71
08-06-2017,1.04
09-06-2017,2.09
10-06-2017,6.49
11-06-2017,9.67
12-06-2017,12.27
13-06-2017,8.1
14-06-2017,3.39
15-06-2017,1.88
16-06-2017,7.41
17-06-2017,4.98
18-06-2017,3.01
19-06-2017,4.7
20-06-2017,2.98
21-06-2017,2.39
22-06-2017,1.2
23-06-2017,1.45
24-06-2017,4.72
25-06-2017,6.09
26-06-2017,7.36
27-06-2017,7.18
28-06-2017,4.22
29-06-2017,4.64
30-06-2017,3.5
01-07-2017,4.06
02-07-2017,5.3
03-07-2017,3.28
04-07-2017,4.25
05-07-2017,2.64
06-07-2017,3.23
07-07-2017,2.82
08-07-2017,2.18
09-07-2017,1.64
10-07-2017,1.57
11-07-2017,3.55
12-07-2017,3.55
13-07-2017,2.72
14-07-2017,4.87
15-07-2017,4.69
16-07-2017,4.8
17-07-2017,2.79
18-07-2017,5.26
19-07-2017,15.12
20-07-2017,14.56
21-07-2017,6.56
22-07-2017,4.41
23-07-2017,1.52
24-07-2017,1.68
25-07-2017,2.68
26-07-2017,1.19
27-07-2017,1.25
28-07-2017,2.89
29-07-2017,2.4
30-07-2017,2.8
31-07-2017,3.32
01-08-2017,2.74
02-08-2017,0.6
03-08-2017,2.45
04-08-2017,7.37
05-08-2017,4.19
06-08-2017,2.93
07-08-2017,2.17
08-08-2017,3.65
09-08-2017,3.18
10-08-2017,7.31
11-08-2017,2.09
12-08-2017,9.34
13-08-2017,1.11
14-08-2017,0.88
15-08-2017,5.93
16-08-2017,7.16
17-08-2017,6.09
18-08-2017,4.33
19-08-2017,4.74
20-08-2017,8.93
21-08-2017,6.4
22-08-2017,5.08
23-08-2017,2.28
24-08-2017,5.36
25-08-2017,6
26-08-2017,5.75
27-08-2017,10.54
28-08-2017,7.98
29-08-2017,11.16
30-08-2017,6.46
31-08-2017,1.55
01-09-2017,1.93
02-09-2017,1.15
03-09-2017,3.59
04-09-2017,3.02
05-09-2017,7.25
06-09-2017,6.87
07-09-2017,6.7
08-09-2017,14.43
09-09-2017,8.17
10-09-2017,12.59
11-09-2017,3.69
12-09-2017,0.68
13-09-2017,3.32
14-09-2017,10.18
15-09-2017,9.55
16-09-2017,4.01
17-09-2017,10.85
18-09-2017,7.39
19-09-2017,5.01
20-09-2017,2.17
21-09-2017,1.51
22-09-2017,1.27
23-09-2017,0.07
24-09-2017,0.93
25-09-2017,11.91
26-09-2017,9.49
27-09-2017,9.26
28-09-2017,12.33
29-09-2017,14.81
30-09-2017,6.71
01-10-2017,5.59
02-10-2017,12.43
03-10-2017,7.34
04-10-2017,6.09
05-10-2017,7.23
06-10-2017,5.75
07-10-2017,12.75
08-10-2017,5.37
09-10-2017,4.8
10-10-2017,12.62
11-10-2017,9.71
12-10-2017,11.14
13-10-2017,10.14
14-10-2017,8.22
15-10-2017,12.77
16-10-2017,4.75
17-10-2017,1.52
18-10-2017,0.07
19-10-2017,0.08
20-10-2017,0.03
21-10-2017,0.04
22-10-2017,0.01
23-10-2017,0.61
24-10-2017,1.87
25-10-2017,0.9
26-10-2017,0.79
27-10-2017,0.79
28-10-2017,0.99
29-10-2017,0.09
30-10-2017,0
31-10-2017,0.02
01-11-2017,0.02
02-11-2017,0.11
03-11-2017,0.07
04-11-2017,0
05-11-2017,0.51
06-11-2017,1.71
07-11-2017,2.39
08-11-2017,1.21
09-11-2017,0.07
10-11-2017,0
11-11-2017,0
12-11-2017,0
13-11-2017,0
14-11-2017,0.05
15-11-2017,0.04
16-11-2017,0.02
17-11-2017,0.24
18-11-2017,0.07
19-11-2017,0.98
20-11-2017,1.66
21-11-2017,0.06
22-11-2017,0
23-11-2017,1.36
24-11-2017,0
25-11-2017,0
26-11-2017,0
27-11-2017,0
28-11-2017,0.01
29-11-2017,0
30-11-2017,0.04
01-12-2017,0.01
02-12-2017,0.03
03-12-2017,0.07
04-12-2017,0.01
05-12-2017,0.29
06-12-2017,0.57
07-12-2017,0.01
08-12-2017,0.19
09-12-2017,0
10-12-2017,0
11-12-2017,0
12-12-2017,0
13-12-2017,0.08
14-12-2017,0.09
15-12-2017,0
16-12-2017,0
17-12-2017,0
18-12-2017,0
19-12-2017,0
20-12-2017,0
21-12-2017,0
22-12-2017,0
23-12-2017,0
24-12-2017,0
25-12-2017,0
26-12-2017,0
27-12-2017,0
28-12-2017,0
29-12-2017,0
30-12-2017,0
31-12-2017,0
01-01-2018,0
02-01-2018,0
03-01-2018,0
04-01-2018,0
05-01-2018,0
06-01-2018,0
07-01-2018,0
08-01-2018,0
09-01-2018,0
10-01-2018,0
11-01-2018,0
12-01-2018,0
13-01-2018,0
14-01-2018,0
15-01-2018,0
16-01-2018,0
17-01-2018,0
18-01-2018,0
19-01-2018,0
20-01-2018,0
21-01-2018,0
22-01-2018,0
23-01-2018,0
24-01-2018,0
25-01-2018,0
26-01-2018,0
27-01-2018,0
28-01-2018,0
29-01-2018,0
30-01-2018,0
31-01-2018,0
01-02-2018,0
02-02-2018,0
03-02-2018,0
04-02-2018,0
05-02-2018,0
06-02-2018,0
07-02-2018,0.01
08-02-2018,0.46
09-02-2018,0
10-02-2018,1.49
11-02-2018,0.55
12-02-2018,0.36
13-02-2018,0.28
14-02-2018,0
15-02-2018,0
16-02-2018,0
17-02-2018,0
18-02-2018,0
19-02-2018,0
20-02-2018,0
21-02-2018,0
22-02-2018,0
23-02-2018,0
24-02-2018,0
25-02-2018,0
26-02-2018,0
27-02-2018,0
28-02-2018,0
01-03-2018,0
02-03-2018,0
03-03-2018,0
04-03-2018,0
05-03-2018,0
06-03-2018,0
07-03-2018,0
08-03-2018,0
09-03-2018,0
10-03-2018,0
11-03-2018,0.04
12-03-2018,0
13-03-2018,0
14-03-2018,0.03
15-03-2018,1.33
16-03-2018,4.34
17-03-2018,4.98
18-03-2018,1.53
19-03-2018,1.87
20-03-2018,0.46
21-03-2018,0
22-03-2018,0.19
23-03-2018,0.06
24-03-2018,0
25-03-2018,0.13
26-03-2018,0
27-03-2018,0
28-03-2018,0
29-03-2018,0.13
30-03-2018,0.28
31-03-2018,1.44
01-04-2018,0.72
02-04-2018,0.86
03-04-2018,3.19
04-04-2018,0.2
05-04-2018,0.18
06-04-2018,0.27
07-04-2018,2.21
08-04-2018,0.71
09-04-2018,0.33
10-04-2018,0.33
11-04-2018,0.56
12-04-2018,2.16
13-04-2018,1.54
14-04-2018,1.78
15-04-2018,0.82
16-04-2018,4.87
17-04-2018,1.53
18-04-2018,1.06
19-04-2018,0.63
20-04-2018,2.85
21-04-2018,0.39
22-04-2018,0.42
23-04-2018,2.3
24-04-2018,0.4
25-04-2018,0.84
26-04-2018,0.4
27-04-2018,0.76
28-04-2018,0
29-04-2018,0.06
30-04-2018,0.78
01-05-2018,1.14
02-05-2018,0.63
03-05-2018,1.22
04-05-2018,9.41
05-05-2018,0.62
06-05-2018,0.61
07-05-2018,2.12
08-05-2018,0.8
09-05-2018,5
10-05-2018,2.78
11-05-2018,7.56
12-05-2018,4.65
13-05-2018,4.13
14-05-2018,4.91
15-05-2018,7.64
16-05-2018,1.42
17-05-2018,1.35
18-05-2018,6.63
19-05-2018,0.27
20-05-2018,7.67
21-05-2018,1.61
22-05-2018,9.6
23-05-2018,0.76
24-05-2018,9.07
25-05-2018,5.46
26-05-2018,8.32
27-05-2018,4.64
28-05-2018,3.82
29-05-2018,3.94
30-05-2018,23.95
31-05-2018,2.14
01-06-2018,5.36
02-06-2018,9.42
03-06-2018,9.17
04-06-2018,12.41
05-06-2018,5.24
06-06-2018,5.57
07-06-2018,7.07
08-06-2018,18.17
09-06-2018,14.31
10-06-2018,14.07
11-06-2018,12.88
12-06-2018,7.18
13-06-2018,10.38
14-06-2018,7.29
15-06-2018,7
16-06-2018,2.62
17-06-2018,1.23
18-06-2018,2.16
19-06-2018,5.92
20-06-2018,4.73
21-06-2018,5.42
22-06-2018,2.75
23-06-2018,4.27
24-06-2018,2.59
25-06-2018,3.86
26-06-2018,5.27
27-06-2018,5.22
28-06-2018,4.56
29-06-2018,6.95
30-06-2018,2.39
01-07-2018,1.79
02-07-2018,3.69
03-07-2018,3.13
04-07-2018,1.84
05-07-2018,2.22
06-07-2018,6.68
07-07-2018,16.23
08-07-2018,12.01
09-07-2018,12.4
10-07-2018,10.83
11-07-2018,13.12
12-07-2018,16.9
13-07-2018,13.54
14-07-2018,9.4
15-07-2018,8.21
16-07-2018,6.01
17-07-2018,11.11
18-07-2018,5.93
19-07-2018,5.42
20-07-2018,6.18
21-07-2018,7.65
22-07-2018,8.44
23-07-2018,4.42
24-07-2018,6.46
25-07-2018,4.66
26-07-2018,2.55
27-07-2018,1.25
28-07-2018,1.86
29-07-2018,1.83
30-07-2018,0.99
31-07-2018,2.61
01-08-2018,2.31
02-08-2018,3.76
03-08-2018,2.31
04-08-2018,2.71
05-08-2018,3.67
06-08-2018,2.83
07-08-2018,4.18
08-08-2018,8.34
09-08-2018,9.55
10-08-2018,4.51
11-08-2018,4.48
12-08-2018,10.25
13-08-2018,14.88
14-08-2018,23.47
15-08-2018,14.84
16-08-2018,25.11
17-08-2018,10.55
18-08-2018,4.2
19-08-2018,6.42
20-08-2018,5.31
21-08-2018,6.53
22-08-2018,4.57
23-08-2018,3.61
24-08-2018,2.65
25-08-2018,1.85
26-08-2018,1.61
27-08-2018,4.11
28-08-2018,7.7
29-08-2018,5.14
30-08-2018,4.53
31-08-2018,5.99
01-09-2018,2.88
02-09-2018,1.49
03-09-2018,1.02
04-09-2018,0.31
05-09-2018,1.03
06-09-2018,0.27
07-09-2018,0.92
08-09-2018,1.29
09-09-2018,0.19
10-09-2018,0.32
11-09-2018,0.94
12-09-2018,5.5
13-09-2018,0.37
14-09-2018,0.39
15-09-2018,1.77
16-09-2018,1.5
17-09-2018,4.18
18-09-2018,5.29
19-09-2018,0.95
20-09-2018,2.37
21-09-2018,4.9
22-09-2018,1.52
23-09-2018,0.34
24-09-2018,4.46
25-09-2018,2.65
26-09-2018,13.16
27-09-2018,9.85
28-09-2018,6.24
29-09-2018,10.17
30-09-2018,3.12
01-10-2018,1.89
02-10-2018,2.96
03-10-2018,0.7
04-10-2018,3.35
05-10-2018,4.26
06-10-2018,5.19
07-10-2018,4.79
08-10-2018,0.28
09-10-2018,3.97
10-10-2018,3.47
11-10-2018,0.14
12-10-2018,0.01
13-10-2018,0.11
14-10-2018,0.2
15-10-2018,5.9
16-10-2018,3.2
17-10-2018,19.47
18-10-2018,14.36
19-10-2018,4.48
20-10-2018,1.66
21-10-2018,0.36
22-10-2018,0.1
23-10-2018,0
24-10-2018,0.28
25-10-2018,0.12
26-10-2018,0.06
27-10-2018,0.01
28-10-2018,0
29-10-2018,0
30-10-2018,0
31-10-2018,0
01-11-2018,0.22
02-11-2018,0.12
03-11-2018,0.59
04-11-2018,1.44
05-11-2018,0.7
06-11-2018,0.02
07-11-2018,0
08-11-2018,0.07
09-11-2018,0
10-11-2018,0
11-11-2018,0
12-11-2018,0
13-11-2018,0
14-11-2018,0
15-11-2018,0
16-11-2018,0.04
17-11-2018,0.35
18-11-2018,0.07
19-11-2018,5.97
20-11-2018,2.01
21-11-2018,0.07
22-11-2018,0.31
23-11-2018,0.53
24-11-2018,1.43
25-11-2018,0.28
26-11-2018,0
27-11-2018,0
28-11-2018,0
29-11-2018,0
30-11-2018,0.04
01-12-2018,0.01
02-12-2018,0
03-12-2018,0
04-12-2018,0
05-12-2018,0.8
06-12-2018,2.28
07-12-2018,0.43
08-12-2018,0.03
09-12-2018,0
10-12-2018,0
11-12-2018,0
12-12-2018,0
13-12-2018,0
14-12-2018,0.76
15-12-2018,0
16-12-2018,0
17-12-2018,0
18-12-2018,0.06
19-12-2018,0
20-12-2018,0
21-12-2018,0
22-12-2018,0
23-12-2018,0
24-12-2018,0.06
25-12-2018,0.29
26-12-2018,0.01
27-12-2018,0
28-12-2018,0.11
29-12-2018,0.07
30-12-2018,0
31-12-2018,0
01-01-2019,0
02-01-2019,0
03-01-2019,0
04-01-2019,0
05-01-2019,0
06-01-2019,0
07-01-2019,0
08-01-2019,0
09-01-2019,0
10-01-2019,0
11-01-2019,0
12-01-2019,0
13-01-2019,0
14-01-2019,0
15-01-2019,0
16-01-2019,0
17-01-2019,0
18-01-2019,0
19-01-2019,0
20-01-2019,0
21-01-2019,0
22-01-2019,0
23-01-2019,0
24-01-2019,0
25-01-2019,0
26-01-2019,0.02
27-01-2019,0.3
28-01-2019,0.65
29-01-2019,0.87
30-01-2019,0
31-01-2019,0
01-02-2019,0
02-02-2019,0
03-02-2019,0
04-02-2019,0
05-02-2019,0
06-02-2019,0
07-02-2019,0
08-02-2019,0.44
09-02-2019,0
10-02-2019,1.64
11-02-2019,1.83
12-02-2019,0.01
13-02-2019,0
14-02-2019,0
15-02-2019,0
16-02-2019,0
17-02-2019,0
18-02-2019,0
19-02-2019,0
20-02-2019,0
21-02-2019,0
22-02-2019,0
23-02-2019,0
24-02-2019,0
25-02-2019,0
26-02-2019,0
27-02-2019,0
28-02-2019,0.02
01-03-2019,0
02-03-2019,0.05
03-03-2019,0.36
04-03-2019,0
05-03-2019,0.07
06-03-2019,0
07-03-2019,0
08-03-2019,0
09-03-2019,0.09
10-03-2019,0.01
11-03-2019,0.12
12-03-2019,0.27
13-03-2019,0
14-03-2019,0
15-03-2019,0
16-03-2019,0
17-03-2019,0
18-03-2019,0
19-03-2019,0
20-03-2019,0
21-03-2019,0.11
22-03-2019,0.01
23-03-2019,0
24-03-2019,0
25-03-2019,0.19
26-03-2019,1.55
27-03-2019,0
28-03-2019,0.16
29-03-2019,0.16
30-03-2019,0.74
31-03-2019,0.85
01-04-2019,1.67
02-04-2019,0.17
03-04-2019,0.94
04-04-2019,0
05-04-2019,2.05
06-04-2019,0.84
07-04-2019,0.37
08-04-2019,0.56
09-04-2019,1.77
10-04-2019,1.52
11-04-2019,1.89
12-04-2019,1.68
13-04-2019,0.48
14-04-2019,1.32
15-04-2019,0.27
16-04-2019,0.74
17-04-2019,0.03
18-04-2019,1.55
19-04-2019,3.23
20-04-2019,0.78
21-04-2019,2.97
22-04-2019,0.08
23-04-2019,1.61
24-04-2019,1.23
25-04-2019,0.02
26-04-2019,0
27-04-2019,0
28-04-2019,0.95
29-04-2019,0.66
30-04-2019,4.08
01-05-2019,4.68
02-05-2019,0.03
03-05-2019,0
04-05-2019,0
05-05-2019,0.04
06-05-2019,0.38
07-05-2019,1.27
08-05-2019,2.06
09-05-2019,1.19
10-05-2019,0.3
11-05-2019,0.32
12-05-2019,1.45
13-05-2019,1.98
14-05-2019,1.51
15-05-2019,0.5
16-05-2019,1.55
17-05-2019,0.79
18-05-2019,1.85
19-05-2019,0.33
20-05-2019,2.46
21-05-2019,0.54
22-05-2019,4.56
23-05-2019,1.62
24-05-2019,5.99
25-05-2019,4.93
26-05-2019,2.7
27-05-2019,3.79
28-05-2019,0.09
29-05-2019,3.12
30-05-2019,1.1
31-05-2019,2.4
01-06-2019,6.29
02-06-2019,0.16
03-06-2019,13.05
04-06-2019,3.48
05-06-2019,0.64
06-06-2019,8.12
07-06-2019,5.54
08-06-2019,5.17
09-06-2019,0.26
10-06-2019,3.8
11-06-2019,1.81
12-06-2019,2.92
13-06-2019,7.67
14-06-2019,6.33
15-06-2019,3.9
16-06-2019,1.02
17-06-2019,0.22
18-06-2019,0.22
19-06-2019,3.25
20-06-2019,3.47
21-06-2019,1.56
22-06-2019,7.77
23-06-2019,5.63
24-06-2019,11.39
25-06-2019,5.39
26-06-2019,3.81
27-06-2019,3.08
28-06-2019,3.93
29-06-2019,4.97
30-06-2019,10.69
01-07-2019,8.78
02-07-2019,5.05
03-07-2019,5.99
04-07-2019,5.41
05-07-2019,9.4
06-07-2019,10.49
07-07-2019,6.96
08-07-2019,8.27
09-07-2019,8.79
10-07-2019,12.29
11-07-2019,10.92
12-07-2019,5.56
13-07-2019,3.18
14-07-2019,3.72
15-07-2019,6.21
16-07-2019,3.46
17-07-2019,6.13
18-07-2019,3.2
19-07-2019,10.67
20-07-2019,12.09
21-07-2019,8.09
22-07-2019,6.76
23-07-2019,10.65
24-07-2019,5
25-07-2019,5.88
26-07-2019,6.73
27-07-2019,9.47
28-07-2019,2.46
29-07-2019,6.64
30-07-2019,10.61
31-07-2019,4.31
01-08-2019,3.85
02-08-2019,6.84
03-08-2019,9.49
04-08-2019,12.85
05-08-2019,15.13
06-08-2019,36.18
07-08-2019,33.82
08-08-2019,37.69
09-08-2019,36.18
10-08-2019,31.94
11-08-2019,12.74
12-08-2019,3.47
13-08-2019,7.45
14-08-2019,6.35
15-08-2019,12.91
16-08-2019,4.94
17-08-2019,7.19
18-08-2019,3.21
19-08-2019,9.52
20-08-2019,7.79
21-08-2019,4.49
22-08-2019,4.45
23-08-2019,6.63
24-08-2019,5.1
25-08-2019,5.59
26-08-2019,1.68
27-08-2019,3.11
28-08-2019,1.13
29-08-2019,2.44
30-08-2019,4.92
31-08-2019,5.6
01-09-2019,8.8
02-09-2019,8.53
03-09-2019,8.11
04-09-2019,9.62
05-09-2019,13.42
06-09-2019,10.05
07-09-2019,8.26
08-09-2019,11.87
09-09-2019,8.07
10-09-2019,2.72
11-09-2019,2.11
12-09-2019,2.15
13-09-2019,3.8
14-09-2019,1.39
15-09-2019,4.27
16-09-2019,3.81
17-09-2019,5.63
18-09-2019,8.37
19-09-2019,10.79
20-09-2019,8.69
21-09-2019,0.96
22-09-2019,4.22
23-09-2019,7.18
24-09-2019,25.33
25-09-2019,16.05
26-09-2019,15.52
27-09-2019,5.1
28-09-2019,5.48
29-09-2019,3.15
30-09-2019,2
01-10-2019,4.31
02-10-2019,8.62
03-10-2019,3.76
04-10-2019,10.14
05-10-2019,7.01
06-10-2019,18.45
07-10-2019,10.24
08-10-2019,5.71
09-10-2019,9.1
10-10-2019,10.91
11-10-2019,10.89
12-10-2019,6.3
13-10-2019,4.2
14-10-2019,5.56
15-10-2019,1.46
16-10-2019,8.54
17-10-2019,2.41
18-10-2019,7.06
19-10-2019,17.08
20-10-2019,9.3
21-10-2019,23.53
22-10-2019,19.73
23-10-2019,10.07
24-10-2019,10.66
25-10-2019,7.66
26-10-2019,14.22
27-10-2019,6.69
28-10-2019,7.21
29-10-2019,0.87
30-10-2019,2.56
31-10-2019,4.41
01-11-2019,6.35
02-11-2019,1.23
03-11-2019,0.39
04-11-2019,0.5
05-11-2019,7.09
06-11-2019,0.69
07-11-2019,6.01
08-11-2019,2.54
09-11-2019,3.16
10-11-2019,1.72
11-11-2019,0.67
12-11-2019,0.3
13-11-2019,0
14-11-2019,0
15-11-2019,1.05
16-11-2019,0.92
17-11-2019,0.7
18-11-2019,0
19-11-2019,0.02
20-11-2019,0.29
21-11-2019,1.04
22-11-2019,0.07
23-11-2019,0.02
24-11-2019,0
25-11-2019,0.05
26-11-2019,0.02
27-11-2019,0.12
28-11-2019,0.04
29-11-2019,0.07
30-11-2019,0.09
01-12-2019,1.74
02-12-2019,6.39
03-12-2019,1.98
04-12-2019,0.14
05-12-2019,0
06-12-2019,0
07-12-2019,0
08-12-2019,0.06
09-12-2019,0.01
10-12-2019,0
11-12-2019,0
12-12-2019,0
13-12-2019,0
14-12-2019,0
15-12-2019,0.49
16-12-2019,0
17-12-2019,0.08
18-12-2019,0
19-12-2019,0
20-12-2019,0
21-12-2019,0
22-12-2019,0
23-12-2019,0
24-12-2019,0
25-12-2019,0
26-12-2019,0.17
27-12-2019,0.33
28-12-2019,0.12
29-12-2019,0.28
30-12-2019,0.04
31-12-2019,0.48
01-01-2020,0.03
02-01-2020,0.01
03-01-2020,0.11
04-01-2020,0.01
05-01-2020,0
06-01-2020,0
07-01-2020,0
08-01-2020,0
09-01-2020,0
10-01-2020,0
11-01-2020,0
12-01-2020,0
13-01-2020,0
14-01-2020,0
15-01-2020,0
16-01-2020,0
17-01-2020,0
18-01-2020,0
19-01-2020,0.01
20-01-2020,0
21-01-2020,0
22-01-2020,0
23-01-2020,0
24-01-2020,0
25-01-2020,0
26-01-2020,0
27-01-2020,0
28-01-2020,0
29-01-2020,0
30-01-2020,0
31-01-2020,0
01-02-2020,0
02-02-2020,0
03-02-2020,0
04-02-2020,0
05-02-2020,0
06-02-2020,0
07-02-2020,0
08-02-2020,0
09-02-2020,0.17
10-02-2020,0
11-02-2020,0
12-02-2020,0
13-02-2020,0
14-02-2020,0
15-02-2020,0
16-02-2020,0
17-02-2020,0
18-02-2020,0
19-02-2020,0
20-02-2020,0
21-02-2020,0
22-02-2020,0
23-02-2020,0
24-02-2020,0
25-02-2020,0
26-02-2020,0
27-02-2020,0.13
28-02-2020,0.01
29-02-2020,0.14
01-03-2020,0.29
02-03-2020,1.69
03-03-2020,0.42
04-03-2020,0.19
05-03-2020,0.07
06-03-2020,0.04
07-03-2020,0.29
08-03-2020,0.22
09-03-2020,0.24
10-03-2020,0
11-03-2020,0.08
12-03-2020,0.01
13-03-2020,0.06
14-03-2020,0.02
15-03-2020,0
16-03-2020,0
17-03-2020,0
18-03-2020,0.04
19-03-2020,1.24
20-03-2020,0.19
21-03-2020,0.48
22-03-2020,0.03
23-03-2020,0
24-03-2020,0.68
25-03-2020,1.35
26-03-2020,0.53
27-03-2020,0
28-03-2020,0.01
29-03-2020,0
30-03-2020,0
31-03-2020,0.01
01-04-2020,0.04
02-04-2020,0
03-04-2020,0.04
04-04-2020,0.38
05-04-2020,0.16
06-04-2020,4.12
07-04-2020,4.13
08-04-2020,6.45
09-04-2020,1.32
10-04-2020,1.9
11-04-2020,0.97
12-04-2020,0.1
13-04-2020,0.22
14-04-2020,0.11
15-04-2020,0
16-04-2020,0.02
17-04-2020,0.93
18-04-2020,0.88
19-04-2020,4.54
20-04-2020,0.17
21-04-2020,1.87
22-04-2020,1.79
23-04-2020,1.14
24-04-2020,3.38
25-04-2020,0.88
26-04-2020,1.64
27-04-2020,1.22
28-04-2020,0.23
29-04-2020,7.12
30-04-2020,1.23
01-05-2020,3.08
02-05-2020,2.99
03-05-2020,3.39
04-05-2020,2.73
05-05-2020,1.06
06-05-2020,2.02
07-05-2020,1.9
08-05-2020,5.55
09-05-2020,1.6
10-05-2020,
11-05-2020,
12-05-2020,
13-05-2020,0.36
14-05-2020,1.87
15-05-2020,4.75
16-05-2020,4.16
17-05-2020,1.13
18-05-2020,14.03
19-05-2020,1.01
20-05-2020,3.19
21-05-2020,0.35
22-05-2020,0.77
23-05-2020,1.53
24-05-2020,0.7
25-05-2020,1.89
26-05-2020,4.72
27-05-2020,1.68
28-05-2020,2.2
29-05-2020,2.14
30-05-2020,8.58
31-05-2020,2.68
01-06-2020,9.17
02-06-2020,11.94
03-06-2020,5.59
04-06-2020,7.01
05-06-2020,2.55
06-06-2020,2.24
07-06-2020,3.89
08-06-2020,1.36
09-06-2020,0.59
10-06-2020,0.92
11-06-2020,12.97
12-06-2020,8.95
13-06-2020,4.54
14-06-2020,6.05
15-06-2020,5.06
16-06-2020,5.22
17-06-2020,14.12
18-06-2020,9.15
19-06-2020,4.75
20-06-2020,4.1
21-06-2020,1.58
22-06-2020,4.6
23-06-2020,4.6
24-06-2020,2.75
25-06-2020,5.85
26-06-2020,17.46
27-06-2020,3.3
28-06-2020,7.9
29-06-2020,6.51
30-06-2020,10.38
01-07-2020,2.81
02-07-2020,5.5
03-07-2020,16.07
04-07-2020,9.2
05-07-2020,7.52
06-07-2020,5.17
07-07-2020,5.63
08-07-2020,13.49
09-07-2020,14.63
10-07-2020,14.29
11-07-2020,4.68
12-07-2020,4.73
13-07-2020,2.76
14-07-2020,
15-07-2020,
16-07-2020,
17-07-2020,
18-07-2020,
19-07-2020,
20-07-2020,
21-07-2020,
22-07-2020,
23-07-2020,
24-07-2020,
25-07-2020,
26-07-2020,
27-07-2020,
28-07-2020,
29-07-2020,8.02
30-07-2020,12.41
31-07-2020,5.24
01-08-2020,6.68
02-08-2020,6.18
03-08-2020,9.04
04-08-2020,15.81
05-08-2020,26.81
06-08-2020,25.58
07-08-2020,19.76
08-08-2020,14.26
09-08-2020,9.5
10-08-2020,13.99
11-08-2020,8.75
12-08-2020,7.99
13-08-2020,3.03
14-08-2020,4.56
15-08-2020,4.33
16-08-2020,13.47
17-08-2020,20.03
18-08-2020,8.93
19-08-2020,6.82
20-08-2020,3.15
21-08-2020,12.01
22-08-2020,5.63
23-08-2020,4.9
24-08-2020,3.39
25-08-2020,1.51
26-08-2020,0.74
27-08-2020,1.08
28-08-2020,1.69
29-08-2020,1.51
30-08-2020,3.09
31-08-2020,5.34
01-09-2020,6.64
02-09-2020,7.21
03-09-2020,20.52
04-09-2020,8.18
05-09-2020,4.83
06-09-2020,1.82
07-09-2020,12.91
08-09-2020,5.81
09-09-2020,13.08
10-09-2020,14.73
11-09-2020,6.99
12-09-2020,9.63
13-09-2020,14.24
14-09-2020,7.25
15-09-2020,7.83
16-09-2020,8.33
17-09-2020,7.4
18-09-2020,11.78
19-09-2020,5.47
20-09-2020,16.92
21-09-2020,20.48
22-09-2020,10.2
23-09-2020,4.14
24-09-2020,1.43
25-09-2020,1.74
26-09-2020,22.95
27-09-2020,7.55
28-09-2020,3.21
29-09-2020,1.24
30-09-2020,7.8
01-10-2020,9.09
02-10-2020,0.76
03-10-2020,2.87
04-10-2020,1.46
05-10-2020,1.43
06-10-2020,1.43
07-10-2020,2
08-10-2020,1.09
09-10-2020,2.57
10-10-2020,16.23
11-10-2020,18.69
12-10-2020,12.62
13-10-2020,11.82
14-10-2020,22.66
15-10-2020,16.6
16-10-2020,2.5
17-10-2020,0.63
18-10-2020,1.52
19-10-2020,3.2
20-10-2020,4.62
21-10-2020,19.18
22-10-2020,10.25
23-10-2020,4.87
24-10-2020,4.4
25-10-2020,1.35
26-10-2020,1.61
27-10-2020,0.47
28-10-2020,0.02
29-10-2020,0.01
30-10-2020,0.06
31-10-2020,0.01
01-11-2020,0.61
02-11-2020,0.69
03-11-2020,0.62
04-11-2020,0.09
05-11-2020,0.41
06-11-2020,4.11
07-11-2020,0.39
08-11-2020,0.12
09-11-2020,0.03
10-11-2020,0
11-11-2020,0
12-11-2020,0.01
13-11-2020,0.17
14-11-2020,2.85
15-11-2020,0
16-11-2020,2.42
17-11-2020,3.86
18-11-2020,0.74
19-11-2020,0.04
20-11-2020,0
21-11-2020,0.07
22-11-2020,0
23-11-2020,0
24-11-2020,0
25-11-2020,0
26-11-2020,1.94
27-11-2020,4.42
28-11-2020,2.53
29-11-2020,0.27
30-11-2020,0.23
01-12-2020,0
02-12-2020,0
03-12-2020,0.04
04-12-2020,0.57
05-12-2020,0.63
06-12-2020,0.56
07-12-2020,0.92
08-12-2020,2.9
09-12-2020,3.87
10-12-2020,0.17
11-12-2020,0.32
12-12-2020,0.02
13-12-2020,0
14-12-2020,0
15-12-2020,0
16-12-2020,0
17-12-2020,0
18-12-2020,0.01
19-12-2020,0
20-12-2020,0
21-12-2020,0
22-12-2020,0
23-12-2020,0
24-12-2020,0.18
25-12-2020,0.02
26-12-2020,0
27-12-2020,0
28-12-2020,0
29-12-2020,0
30-12-2020,0
31-12-2020,0.33
01-01-2021,0.18
02-01-2021,0
03-01-2021,0.02
04-01-2021,1.26
05-01-2021,1.25
06-01-2021,0.59
07-01-2021,12.77
08-01-2021,2.39
09-01-2021,5.33
10-01-2021,0.29
11-01-2021,0
12-01-2021,0.02
13-01-2021,0.01
14-01-2021,0.04
15-01-2021,0.15
16-01-2021,0
17-01-2021,0.77
18-01-2021,0
19-01-2021,0
20-01-2021,0
21-01-2021,0
22-01-2021,0
23-01-2021,0
24-01-2021,0
25-01-2021,0
26-01-2021,0
27-01-2021,0
28-01-2021,0
29-01-2021,0
30-01-2021,0
31-01-2021,0
01-02-2021,0
02-02-2021,0
03-02-2021,0
04-02-2021,0
05-02-2021,0
06-02-2021,0
07-02-2021,0
08-02-2021,0
09-02-2021,0
10-02-2021,0
11-02-2021,0
12-02-2021,0
13-02-2021,0
14-02-2021,0
15-02-2021,0
16-02-2021,0
17-02-2021,0
18-02-2021,0.02
19-02-2021,1.99
20-02-2021,3.47
21-02-2021,1.93
22-02-2021,4.23
23-02-2021,3.82
24-02-2021,0.02
25-02-2021,0.02
26-02-2021,0.02
27-02-2021,0
28-02-2021,0
01-03-2021,0
02-03-2021,0
03-03-2021,0
04-03-2021,0
05-03-2021,0
06-03-2021,0
07-03-2021,0
08-03-2021,0
09-03-2021,0
10-03-2021,0
11-03-2021,0.27
12-03-2021,0.22
13-03-2021,0
14-03-2021,0
15-03-2021,0
16-03-2021,0
17-03-2021,0.04
18-03-2021,0
19-03-2021,0
20-03-2021,0
21-03-2021,0.12
22-03-2021,0.12
23-03-2021,0.05
24-03-2021,0
25-03-2021,0.48
26-03-2021,0.04
27-03-2021,0.03
28-03-2021,0.05
29-03-2021,1
30-03-2021,0.64
31-03-2021,0
01-04-2021,0.01
02-04-2021,0.01
03-04-2021,0
04-04-2021,0
05-04-2021,0.02
06-04-2021,0.16
07-04-2021,0.01
08-04-2021,0.02
09-04-2021,0.18
10-04-2021,0.81
11-04-2021,0.38
12-04-2021,1.44
13-04-2021,1.79
14-04-2021,2.49
15-04-2021,8.24
16-04-2021,1.13
17-04-2021,1.66
18-04-2021,0.85
19-04-2021,2.39
20-04-2021,1.51
21-04-2021,0.87
22-04-2021,2.95
23-04-2021,6.06
24-04-2021,5.24
25-04-2021,1.87
26-04-2021,1.41
27-04-2021,
28-04-2021,2.94
29-04-2021,0.42
30-04-2021,5.28
01-05-2021,0.64
02-05-2021,3.27
03-05-2021,2.42
04-05-2021,2.64
05-05-2021,3.95
06-05-2021,4.96
07-05-2021,3.24
08-05-2021,5.35
09-05-2021,1.35
10-05-2021,
11-05-2021,3.1
12-05-2021,4.64
13-05-2021,3.85
14-05-2021,4.4
15-05-2021,3.1
16-05-2021,18.51
17-05-2021,5.55
18-05-2021,1.51
19-05-2021,4.46
20-05-2021,5.26
21-05-2021,2.93
22-05-2021,7.96
23-05-2021,2.28
24-05-2021,
25-05-2021,3.84
26-05-2021,5.61
27-05-2021,1.07
28-05-2021,0.46
29-05-2021,1.68
30-05-2021,3.89
31-05-2021,2.38
01-06-2021,2.85
02-06-2021,2.32
03-06-2021,16.18
04-06-2021,15.52
05-06-2021,13.12
06-06-2021,8.66
07-06-2021,1.21
08-06-2021,0.26
09-06-2021,1.73
10-06-2021,2.82
11-06-2021,2.86
12-06-2021,
13-06-2021,11.41
14-06-2021,9.58
15-06-2021,11.19
16-06-2021,15.19
17-06-2021,18.24
18-06-2021,15.24
19-06-2021,10.63
20-06-2021,11.13
21-06-2021,
22-06-2021,1.16
23-06-2021,
24-06-2021,
25-06-2021,
26-06-2021,1.99
27-06-2021,12.45
28-06-2021,4.11
29-06-2021,
30-06-2021,0.47
01-07-2021,0.36
02-07-2021,4.01
03-07-2021,0.96
04-07-2021,1.82
05-07-2021,8.51
06-07-2021,5.01
07-07-2021,6.07
08-07-2021,6.43
09-07-2021,5.07
10-07-2021,12.09
11-07-2021,7.68
12-07-2021,7.69
13-07-2021,9.58
14-07-2021,
15-07-2021,
16-07-2021,13.59
17-07-2021,9.36
18-07-2021,24.54
19-07-2021,19.19
20-07-2021,7.14
21-07-2021,8.66
22-07-2021,15.73
23-07-2021,35.65
24-07-2021,17.83
25-07-2021,7.2
26-07-2021,7.68
27-07-2021,2.68
28-07-2021,2.56
29-07-2021,2.14
30-07-2021,3.36
31-07-2021,2.89
01-08-2021,3.13
02-08-2021,1.6
03-08-2021,2.97
04-08-2021,9.76
05-08-2021,4.67
06-08-2021,6.56
07-08-2021,6.05
08-08-2021,5.99
09-08-2021,2.06
10-08-2021,3.53
11-08-2021,1.24
12-08-2021,3.9
13-08-2021,4.76
14-08-2021,3.92
15-08-2021,2.73
16-08-2021,4.15
17-08-2021,6.24
18-08-2021,5.08
19-08-2021,6.29
20-08-2021,3.29
21-08-2021,1.36
22-08-2021,8.96
23-08-2021,9.35
24-08-2021,4.54
25-08-2021,5.06
26-08-2021,3.39
27-08-2021,5.83
28-08-2021,9.21
29-08-2021,13.93
30-08-2021,9.99
31-08-2021,5.3
01-09-2021,2.87
02-09-2021,4.63
03-09-2021,8.46
04-09-2021,8.63
05-09-2021,9.5
06-09-2021,12.15
07-09-2021,7.82
08-09-2021,7.47
09-09-2021,4.56
10-09-2021,1.66
11-09-2021,2.25
12-09-2021,7.7
13-09-2021,6.24
14-09-2021,7.42
15-09-2021,2.45
16-09-2021,1.02
17-09-2021,0.26
18-09-2021,0.1
19-09-2021,0.39
20-09-2021,1.69
21-09-2021,10.48
22-09-2021,6.67
23-09-2021,4.54
24-09-2021,5.06
25-09-2021,4.6
26-09-2021,4.38
27-09-2021,2.03
28-09-2021,8.22
29-09-2021,3.93
30-09-2021,2.04
01-10-2021,4.28
02-10-2021,14.05
03-10-2021,4.63
04-10-2021,4.91
05-10-2021,6.73
06-10-2021,13.72
07-10-2021,14.72
08-10-2021,5.92
09-10-2021,7.85
10-10-2021,10.11
11-10-2021,7.08
12-10-2021,14.29
13-10-2021,12.97
14-10-2021,3.66
15-10-2021,2.15
16-10-2021,3.14
17-10-2021,6.7
18-10-2021,1.91
19-10-2021,0.96
20-10-2021,0.19
21-10-2021,7.43
22-10-2021,8.37
23-10-2021,3.91
24-10-2021,12.98
25-10-2021,7.83
26-10-2021,2.04
27-10-2021,1.17
28-10-2021,0.06
29-10-2021,0.08
30-10-2021,2.11
31-10-2021,1.44
01-11-2021,2.1
02-11-2021,4.09
03-11-2021,1.85
04-11-2021,2.69
05-11-2021,7.76
06-11-2021,7.28
07-11-2021,3.73
08-11-2021,0.48
09-11-2021,1.33
10-11-2021,0.07
11-11-2021,0.54
12-11-2021,7.67
13-11-2021,5.35
14-11-2021,10.57
15-11-2021,9.41
16-11-2021,7.87
17-11-2021,12.16
18-11-2021,6.92
19-11-2021,22.8
20-11-2021,20.33
21-11-2021,11.27
22-11-2021,3.45
23-11-2021,3.84
24-11-2021,3.57
25-11-2021,2.13
26-11-2021,0.17
27-11-2021,0.16
28-11-2021,0.3
29-11-2021,0.4
30-11-2021,2.61
01-12-2021,1.92
02-12-2021,4.61
03-12-2021,2.57
04-12-2021,4.62
05-12-2021,3.15
06-12-2021,0.19
07-12-2021,0.35
08-12-2021,0.02
09-12-2021,0
10-12-2021,1.58
11-12-2021,0.05
12-12-2021,0.19
13-12-2021,0.11
14-12-2021,0.5
15-12-2021,0.06
16-12-2021,0.03
17-12-2021,0
18-12-2021,0
19-12-2021,0
20-12-2021,0
21-12-2021,0
22-12-2021,0
23-12-2021,0
24-12-2021,0
25-12-2021,0
26-12-2021,0
27-12-2021,0
28-12-2021,0
29-12-2021,0
30-12-2021,0
31-12-2021,0.06
01-01-2022,0.29
02-01-2022,0.04
03-01-2022,0
04-01-2022,0
05-01-2022,0
06-01-2022,0
07-01-2022,0
08-01-2022,0
09-01-2022,0.03
10-01-2022,0.09
11-01-2022,0.08
12-01-2022,0.02
13-01-2022,0.04
14-01-2022,0
15-01-2022,0.01
16-01-2022,0.01
17-01-2022,0.01
18-01-2022,0.15
19-01-2022,0
20-01-2022,0
21-01-2022,0
22-01-2022,0
23-01-2022,0
24-01-2022,0.01
25-01-2022,0
26-01-2022,0.01
27-01-2022,0.09
28-01-2022,0.01
29-01-2022,0
30-01-2022,0
31-01-2022,0
01-02-2022,0
02-02-2022,0
03-02-2022,0
04-02-2022,0
05-02-2022,0
06-02-2022,0
07-02-2022,0
08-02-2022,0
09-02-2022,0
10-02-2022,0
11-02-2022,0
12-02-2022,0
13-02-2022,0
14-02-2022,0
15-02-2022,
16-02-2022,0
17-02-2022,0.02
18-02-2022,0.01
19-02-2022,0
20-02-2022,0
21-02-2022,0
22-02-2022,0
23-02-2022,0
24-02-2022,0
25-02-2022,0
26-02-2022,0
27-02-2022,0
28-02-2022,0
01-03-2022,0
02-03-2022,0
03-03-2022,0
04-03-2022,0
05-03-2022,0
06-03-2022,0
07-03-2022,0
08-03-2022,0
09-03-2022,0.08
10-03-2022,0
11-03-2022,0.12
12-03-2022,0.02
13-03-2022,0
14-03-2022,0
15-03-2022,0
16-03-2022,0
17-03-2022,0
18-03-2022,0
19-03-2022,1.21
20-03-2022,1.8
21-03-2022,
22-03-2022,2.02
23-03-2022,0.33
24-03-2022,2.5
25-03-2022,1.97
26-03-2022,0.97
27-03-2022,1.06
28-03-2022,0.55
29-03-2022,0.32
30-03-2022,0.48
31-03-2022,0.51
01-04-2022,0.26
02-04-2022,0.72
03-04-2022,
04-04-2022,0.35
05-04-2022,0.31
06-04-2022,1.31
07-04-2022,
08-04-2022,0.68
09-04-2022,0.46
10-04-2022,1.59
11-04-2022,1.79
12-04-2022,0.04
13-04-2022,0.16
14-04-2022,5.61
15-04-2022,6.88
16-04-2022,1.17
17-04-2022,7.98
18-04-2022,3.43
19-04-2022,5.44
20-04-2022,3.45
21-04-2022,0
22-04-2022,2.62
23-04-2022,1.45
24-04-2022,0.4
25-04-2022,0.15
26-04-2022,3.8
27-04-2022,0.42
28-04-2022,0.23
29-04-2022,4.49
30-04-2022,1.47
01-05-2022,2.1
02-05-2022,2.68
03-05-2022,0.24
04-05-2022,2.94
05-05-2022,7.44
06-05-2022,4.02
07-05-2022,3.66
08-05-2022,2.31
09-05-2022,4.46
10-05-2022,2.14
11-05-2022,2.13
12-05-2022,4.61
13-05-2022,6.99
14-05-2022,2.19
15-05-2022,2.93
16-05-2022,1.51
17-05-2022,17.89
18-05-2022,23.42
19-05-2022,32.48
20-05-2022,31.03
21-05-2022,9.38
22-05-2022,0.16
23-05-2022,1.09
24-05-2022,0.03
25-05-2022,0.67
26-05-2022,0.31
27-05-2022,1.68
28-05-2022,0.26
29-05-2022,0.27
30-05-2022,0.3
31-05-2022,3.51
01-06-2022,4.29
02-06-2022,1.36
03-06-2022,7.92
04-06-2022,3.45
05-06-2022,3.01
06-06-2022,13.71
07-06-2022,1.67
08-06-2022,1.44
09-06-2022,3.04
10-06-2022,0.5
11-06-2022,1.79
12-06-2022,2.7
13-06-2022,4.61
14-06-2022,1.22
15-06-2022,8.27
16-06-2022,3.29
17-06-2022,10.12
18-06-2022,7.85
19-06-2022,5.52
20-06-2022,4.79
21-06-2022,5.72
22-06-2022,6.46
23-06-2022,4.13
24-06-2022,6.14
25-06-2022,4.08
26-06-2022,4.21
27-06-2022,3.83
28-06-2022,3.3
29-06-2022,7.4
30-06-2022,7.61
01-07-2022,11.09
02-07-2022,12.89
03-07-2022,9.32
04-07-2022,13.03
05-07-2022,16.35
06-07-2022,24.04
07-07-2022,19.6
08-07-2022,19.96
09-07-2022,16.92
10-07-2022,21.65
11-07-2022,11.52
12-07-2022,15.5
13-07-2022,15.81
14-07-2022,18.09
15-07-2022,13.1
16-07-2022,
17-07-2022,
18-07-2022,12.88
19-07-2022,3.29
20-07-2022,1.51
21-07-2022,5.25
22-07-2022,1.61
23-07-2022,5.88
24-07-2022,3.99
25-07-2022,2.27
26-07-2022,5.8
27-07-2022,3.87
28-07-2022,18.36
29-07-2022,5.06
30-07-2022,16.61
31-07-2022,10.2
01-08-2022,9.67
02-08-2022,30.48
03-08-2022,18.35
04-08-2022,13.61
05-08-2022,21.31
06-08-2022,15.24
07-08-2022,13.74
08-08-2022,14.64
09-08-2022,16.76
10-08-2022,7.46
11-08-2022,8.71
12-08-2022,9.11
13-08-2022,4.15
14-08-2022,2.67
15-08-2022,2.32
16-08-2022,1.7
17-08-2022,0.73
18-08-2022,0.84
19-08-2022,1.4
20-08-2022,1.5
21-08-2022,3.31
22-08-2022,4.52
23-08-2022,6.97
24-08-2022,5.39
25-08-2022,8.09
26-08-2022,10.47
27-08-2022,19.37
28-08-2022,14.24
29-08-2022,11.22
30-08-2022,24.24
31-08-2022,5.34
01-09-2022,11.98
02-09-2022,12.95
03-09-2022,1.76
04-09-2022,4.42
05-09-2022,17.98
06-09-2022,25.24
07-09-2022,19.69
08-09-2022,12.32
09-09-2022,6.94
10-09-2022,7.6
11-09-2022,10.08
12-09-2022,8.98
13-09-2022,5.49
14-09-2022,3.48
15-09-2022,2.35
16-09-2022,2.23
17-09-2022,1.14
18-09-2022,0.86
19-09-2022,0.94
20-09-2022,0.67
21-09-2022,0.89
22-09-2022,0.32
23-09-2022,0.12
24-09-2022,1.6
25-09-2022,0.97
26-09-2022,2.72
27-09-2022,2.56
28-09-2022,0.6
29-09-2022,4.31
30-09-2022,11.88
01-10-2022,13.1
02-10-2022,11.69
03-10-2022,3
04-10-2022,1.52
05-10-2022,0.49
06-10-2022,7.07
07-10-2022,10.92
08-10-2022,1.18
09-10-2022,0.06
10-10-2022,11.52
11-10-2022,12.72
12-10-2022,11.27
13-10-2022,16.02
14-10-2022,15.84
15-10-2022,12.19
16-10-2022,10.85
17-10-2022,9.13
18-10-2022,3.67
19-10-2022,9.91
20-10-2022,11.57
21-10-2022,6.68
22-10-2022,5.01
23-10-2022,0.3
24-10-2022,0.01
25-10-2022,0
26-10-2022,0
27-10-2022,0
28-10-2022,0
29-10-2022,0.1
30-10-2022,1.57
31-10-2022,0.44
01-11-2022,0
02-11-2022,2.18
03-11-2022,2.97
04-11-2022,0.65
05-11-2022,0.94
06-11-2022,0.63
07-11-2022,0.17
08-11-2022,0
09-11-2022,0
10-11-2022,0
11-11-2022,0.09
12-11-2022,2
13-11-2022,2.73
14-11-2022,0.25
15-11-2022,0.83
16-11-2022,0.15
17-11-2022,0
18-11-2022,0
19-11-2022,0
20-11-2022,0
21-11-2022,0
22-11-2022,0.31
23-11-2022,1.39
24-11-2022,2.65
25-11-2022,2.34
26-11-2022,0.06
27-11-2022,0.17
28-11-2022,1.29
29-11-2022,1.06
30-11-2022,0.01
01-12-2022,0
02-12-2022,0.01
03-12-2022,0.17
04-12-2022,0.01
05-12-2022,0.02
06-12-2022,0
07-12-2022,0
08-12-2022,0
09-12-2022,0.02
10-12-2022,1.39
11-12-2022,10.48
12-12-2022,6.69
13-12-2022,4.52
14-12-2022,3.65
15-12-2022,0.22
16-12-2022,0
17-12-2022,0
18-12-2022,0
19-12-2022,0
20-12-2022,0
21-12-2022,0
22-12-2022,0
23-12-2022,0
24-12-2022,0
25-12-2022,0
26-12-2022,0.93
27-12-2022,0.15
28-12-2022,0.06
29-12-2022,0
30-12-2022,0
31-12-2022,0
01-01-2023,0
02-01-2023,0
03-01-2023,0
04-01-2023,0
05-01-2023,0
06-01-2023,0
07-01-2023,0
08-01-2023,0
09-01-2023,0
10-01-2023,0
11-01-2023,0
12-01-2023,0
13-01-2023,0
14-01-2023,0
15-01-2023,0
16-01-2023,0
17-01-2023,
18-01-2023,0
19-01-2023,0
20-01-2023,0
21-01-2023,0
22-01-2023,0
23-01-2023,0
24-01-2023,0
25-01-2023,0.63
26-01-2023,0.03
27-01-2023,0
28-01-2023,0
29-01-2023,0
30-01-2023,0
31-01-2023,0.05
01-02-2023,0
02-02-2023,0
03-02-2023,0
04-02-2023,0.01
05-02-2023,0
06-02-2023,0
07-02-2023,0
08-02-2023,0
09-02-2023,0
10-02-2023,0
11-02-2023,0
12-02-2023,0
13-02-2023,0
14-02-2023,0
15-02-2023,0
16-02-2023,0
17-02-2023,0
18-02-2023,0
19-02-2023,0
20-02-2023,0
21-02-2023,0
22-02-2023,0
23-02-2023,0
24-02-2023,0
25-02-2023,0
26-02-2023,0
27-02-2023,0
28-02-2023,0
01-03-2023,0
02-03-2023,0
03-03-2023,0
04-03-2023,0
05-03-2023,0
06-03-2023,0
07-03-2023,0
08-03-2023,0
09-03-2023,0
10-03-2023,0
11-03-2023,0
12-03-2023,0
13-03-2023,0
14-03-2023,0
15-03-2023,0.31
16-03-2023,1.03
17-03-2023,2.67
18-03-2023,2.14
19-03-2023,2.99
20-03-2023,0.02
21-03-2023,0.1
22-03-2023,0.27
23-03-2023,0
24-03-2023,0
25-03-2023,0.22
26-03-2023,0.07
27-03-2023,0.33
28-03-2023,0
29-03-2023,0.01
30-03-2023,0.54
31-03-2023,0.28
01-04-2023,0.51
02-04-2023,0.2
03-04-2023,0.06
04-04-2023,1.18
05-04-2023,0.38
06-04-2023,0.21
07-04-2023,2.55
08-04-2023,1.23
09-04-2023,0.31
10-04-2023,0.01
11-04-2023,0.03
12-04-2023,0
13-04-2023,0
14-04-2023,0.1
15-04-2023,0.8
16-04-2023,0.01
17-04-2023,0.12
18-04-2023,0
19-04-2023,0
20-04-2023,0.01
21-04-2023,1.04
22-04-2023,1.71
23-04-2023,0.43
24-04-2023,0.25
25-04-2023,0.77
26-04-2023,3.51
27-04-2023,1.1
28-04-2023,3.57
29-04-2023,3.85
30-04-2023,8.95
01-05-2023,5.33
02-05-2023,7.65
03-05-2023,5.11
04-05-2023,1.22
05-05-2023,2.42
06-05-2023,1.89
07-05-2023,5.88
08-05-2023,2.05
09-05-2023,9.63
10-05-2023,5.9
11-05-2023,1.89
12-05-2023,5.57
13-05-2023,1.47
14-05-2023,0.54
15-05-2023,0
16-05-2023,0
17-05-2023,0.02
18-05-2023,0.13
19-05-2023,0.29
20-05-2023,0.04
21-05-2023,2.36
22-05-2023,7.83
23-05-2023,2.98
24-05-2023,2.77
25-05-2023,2.21
26-05-2023,1.97
27-05-2023,0.45
28-05-2023,0.52
29-05-2023,0.81
30-05-2023,6.95
31-05-2023,3.46
01-06-2023,4.78
02-06-2023,1.99
03-06-2023,0.04
04-06-2023,1.14
05-06-2023,1.33
06-06-2023,0.38
07-06-2023,0.54
08-06-2023,1.33
09-06-2023,1.63
10-06-2023,2
11-06-2023,4.04
12-06-2023,4.19
13-06-2023,
14-06-2023,0.94
15-06-2023,0.56
16-06-2023,0.4
17-06-2023,0.37
18-06-2023,1.77
19-06-2023,1.98
20-06-2023,1.98
21-06-2023,4.11
22-06-2023,5.76
23-06-2023,3.04
24-06-2023,5.45
25-06-2023,7.69
26-06-2023,6.53
27-06-2023,1.27
28-06-2023,5.99
29-06-2023,2.02
30-06-2023,5.54
01-07-2023,3.81
02-07-2023,4.56
03-07-2023,9.64
04-07-2023,9.41
05-07-2023,16.16
06-07-2023,16.13
07-07-2023,13.66
08-07-2023,10.05
09-07-2023,7.99
10-07-2023,3.13
11-07-2023,1.72
12-07-2023,3.26
13-07-2023,8.51
14-07-2023,6.77
15-07-2023,4.33
16-07-2023,6.24
17-07-2023,4.58
18-07-2023,8.19
19-07-2023,15.81
20-07-2023,15.06
21-07-2023,19.74
22-07-2023,18.41
23-07-2023,22.23
24-07-2023,25.24
25-07-2023,26.55
26-07-2023,21.08
27-07-2023,21.4
28-07-2023,6.98
29-07-2023,3.2
30-07-2023,2.17
31-07-2023,2.76
01-08-2023,3.91
02-08-2023,1.11
03-08-2023,1.28
04-08-2023,2.3
05-08-2023,3.83
06-08-2023,3.19
07-08-2023,1.32
08-08-2023,1.04
09-08-2023,1.26
10-08-2023,2.54
11-08-2023,2.55
12-08-2023,1.06
13-08-2023,0.49
14-08-2023,0.57
15-08-2023,0.52
16-08-2023,0.23
17-08-2023,0.61
18-08-2023,1.27
19-08-2023,4.02
20-08-2023,7.18
21-08-2023,1
22-08-2023,0.13
23-08-2023,0.15
24-08-2023,0.07
25-08-2023,0.49
26-08-2023,2.04
27-08-2023,2.55
28-08-2023,0.62
29-08-2023,1.15
30-08-2023,1.74
31-08-2023,1.36
01-09-2023,10.76
02-09-2023,6.67
03-09-2023,6.86
04-09-2023,10.38
05-09-2023,7.85
06-09-2023,7.03
07-09-2023,4.16
08-09-2023,3.74
09-09-2023,2.94
10-09-2023,4.53
11-09-2023,2.93
12-09-2023,3.83
13-09-2023,1.33
14-09-2023,1.53
15-09-2023,4.04
16-09-2023,5.51
17-09-2023,5.44
18-09-2023,3.38
19-09-2023,3.08
20-09-2023,2.39
21-09-2023,1.74
22-09-2023,3.36
23-09-2023,7.29
24-09-2023,9.95
25-09-2023,6.18
26-09-2023,3.91
27-09-2023,4.4
28-09-2023,4.27
29-09-2023,4.69
30-09-2023,6.24
01-10-2023,8.11
02-10-2023,3.54
03-10-2023,0.4
04-10-2023,0.18
05-10-2023,0.22
06-10-2023,0.25
07-10-2023,0.84
08-10-2023,0.95
09-10-2023,3.92
10-10-2023,5.87
11-10-2023,4.12
12-10-2023,4.55
13-10-2023,1.34
14-10-2023,0.04
15-10-2023,1.2
16-10-2023,0.17
17-10-2023,3.41
18-10-2023,1.7
19-10-2023,0.04
20-10-2023,0.01
21-10-2023,0.08
22-10-2023,0.5
23-10-2023,0.06
24-10-2023,0.01
25-10-2023,0
26-10-2023,0
27-10-2023,0
28-10-2023,0
29-10-2023,0.18
30-10-2023,2.36
31-10-2023,3.03
01-11-2023,0.94
02-11-2023,0.4
03-11-2023,0.46
04-11-2023,1.01
05-11-2023,4.08
06-11-2023,9.13
07-11-2023,13.16
08-11-2023,2.74
09-11-2023,15.3
10-11-2023,3.76
11-11-2023,0.34
12-11-2023,0
13-11-2023,0
14-11-2023,0
15-11-2023,0.03
16-11-2023,0
17-11-2023,0
18-11-2023,0.05
19-11-2023,0.22
20-11-2023,0
21-11-2023,0
22-11-2023,0.26
23-11-2023,1.09
24-11-2023,0.88
25-11-2023,0.49
26-11-2023,0.83
27-11-2023,0.06
28-11-2023,0.08
29-11-2023,3.2
30-11-2023,0.66
01-12-2023,1.29
02-12-2023,0.41
03-12-2023,0.15
04-12-2023,0.17
05-12-2023,0.22
06-12-2023,0.08
07-12-2023,0.25
08-12-2023,0.24
09-12-2023,2.46
10-12-2023,0.47
11-12-2023,0.88
12-12-2023,0.09
13-12-2023,0.03
14-12-2023,0
15-12-2023,0
16-12-2023,0.01
17-12-2023,0.01
18-12-2023,0.01
19-12-2023,0
20-12-2023,0
21-12-2023,0
22-12-2023,0
23-12-2023,0
24-12-2023,0
25-12-2023,0
26-12-2023,0
27-12-2023,0
28-12-2023,0
29-12-2023,0.01
30-12-2023,0
31-12-2023,0
01-01-2024,0
02-01-2024,0
03-01-2024,0.03
04-01-2024,0.96
05-01-2024,1.61
06-01-2024,0.27
07-01-2024,2.33
08-01-2024,0.35
09-01-2024,0.51
10-01-2024,1.27
11-01-2024,0
12-01-2024,0
13-01-2024,0
14-01-2024,0
15-01-2024,0
16-01-2024,0
17-01-2024,0
18-01-2024,0
19-01-2024,0
20-01-2024,0
21-01-2024,0
22-01-2024,0
23-01-2024,0
24-01-2024,0
25-01-2024,0
26-01-2024,0
27-01-2024,0
28-01-2024,0
29-01-2024,0
30-01-2024,0
31-01-2024,0
01-02-2024,0
02-02-2024,0.01
03-02-2024,0
04-02-2024,0
05-02-2024,0
06-02-2024,0
07-02-2024,0
08-02-2024,0
09-02-2024,0
10-02-2024,0
11-02-2024,0
12-02-2024,0
13-02-2024,0
14-02-2024,0
15-02-2024,0
16-02-2024,0
17-02-2024,0
18-02-2024,0
19-02-2024,0
20-02-2024,0
21-02-2024,0
22-02-2024,0
23-02-2024,0
24-02-2024,0
25-02-2024,0.04
26-02-2024,0
27-02-2024,0
28-02-2024,0
29-02-2024,0
01-03-2024,0
02-03-2024,0
03-03-2024,0
04-03-2024,0
05-03-2024,0
06-03-2024,0
07-03-2024,0
08-03-2024,0
09-03-2024,0
10-03-2024,0
11-03-2024,0
12-03-2024,0
13-03-2024,0
14-03-2024,0
15-03-2024,0
16-03-2024,0
17-03-2024,0.04
18-03-2024,0.2
19-03-2024,0.04
20-03-2024,0
21-03-2024,
22-03-2024,
23-03-2024,
24-03-2024,
25-03-2024,
26-03-2024,
27-03-2024,
28-03-2024,
29-03-2024,
30-03-2024,
31-03-2024,
01-04-2024,
02-04-2024,
03-04-2024,
04-04-2024,
05-04-2024,
06-04-2024,
07-04-2024,
08-04-2024,
09-04-2024,
10-04-2024,
11-04-2024,
12-04-2024,
13-04-2024,
14-04-2024,
15-04-2024,
16-04-2024,
17-04-2024,
18-04-2024,
19-04-2024,
20-04-2024,
21-04-2024,
22-04-2024,
23-04-2024,
24-04-2024,
25-04-2024,
26-04-2024,
27-04-2024,
28-04-2024,
29-04-2024,
30-04-2024,
01-05-2024,
02-05-2024,
03-05-2024,
04-05-2024,
05-05-2024,
06-05-2024,
07-05-2024,
08-05-2024,
09-05-2024,
10-05-2024,
11-05-2024,
12-05-2024,
13-05-2024,
14-05-2024,
15-05-2024,
16-05-2024,
17-05-2024,
18-05-2024,
19-05-2024,
20-05-2024,
21-05-2024,
22-05-2024,
23-05-2024,
24-05-2024,
25-05-2024,
26-05-2024,
27-05-2024,
28-05-2024,
29-05-2024,
30-05-2024,
31-05-2024,
01-06-2024,
02-06-2024,
03-06-2024,
04-06-2024,
05-06-2024,
06-06-2024,
07-06-2024,
08-06-2024,
09-06-2024,
10-06-2024,
11-06-2024,
12-06-2024,
13-06-2024,
14-06-2024,
15-06-2024,
16-06-2024,
17-06-2024,
18-06-2024,
19-06-2024,
20-06-2024,
21-06-2024,
22-06-2024,
23-06-2024,
24-06-2024,
25-06-2024,
26-06-2024,
27-06-2024,
28-06-2024,
29-06-2024,
30-06-2024,
01-07-2024,
02-07-2024,
03-07-2024,
04-07-2024,
05-07-2024,
06-07-2024,
07-07-2024,
08-07-2024,
09-07-2024,
10-07-2024,
11-07-2024,
12-07-2024,
13-07-2024,
14-07-2024,
15-07-2024,
16-07-2024,
17-07-2024,
18-07-2024,
19-07-2024,
20-07-2024,
21-07-2024,
22-07-2024,
23-07-2024,
24-07-2024,
25-07-2024,
26-07-2024,
27-07-2024,
28-07-2024,
29-07-2024,
30-07-2024,
31-07-2024,
